id,external_id,title,department,location,state,city,job_type,salary_min,salary_max,posted_date,url,description,qualifications,scraped_at,unique_key,company_name,subdomain,portal_slug,sector,ats_type
2135727,163161,Medical Lab Assistant,Laboratory,US-GA-Atlanta,,,,,,2026-03-29T12:19:00,https://ehccareers-emory.icims.com/jobs/jobs/163161/job,,,2026-03-30T08:39:31.384473,425b7a568e8242ee,Emory Healthcare,ehccareers-emory.icims.com,ehccareers-emory,university_hospital,icims
2135726,163172,Phlebotomy Tech,Laboratory,US-GA-Atlanta,,,,,,2026-03-29T12:18:00,https://ehccareers-emory.icims.com/jobs/jobs/163172/job,,,2026-03-30T08:39:31.384442,cade37b19dd9686c,Emory Healthcare,ehccareers-emory.icims.com,ehccareers-emory,university_hospital,icims
2135725,163174,Phlebotomy Tech,Laboratory,US-GA-Atlanta,,,,,,2026-03-29T12:17:00,https://ehccareers-emory.icims.com/jobs/jobs/163174/job,,,2026-03-30T08:39:31.384358,8bed1fb54717e428,Emory Healthcare,ehccareers-emory.icims.com,ehccareers-emory,university_hospital,icims
2202980,162427,Patient Care Technician / PCT / ICU,Clinical & Nursing Support,US-GA-Decatur,,,,,,2026-03-28T17:16:00,https://ehccareers-emory.icims.com/jobs/jobs/162427/job,,,2026-03-29T08:00:45.210688,f4558b5e45d1b6da,Emory Healthcare,ehccareers-emory.icims.com,ehccareers-emory,university_hospital,icims
2202979,162428,Patient Care Technician / PCT / ICU,Clinical & Nursing Support,US-GA-Decatur,,,,,,2026-03-28T17:16:00,https://ehccareers-emory.icims.com/jobs/jobs/162428/job,,,2026-03-29T08:00:45.210671,9370447db1ff08cf,Emory Healthcare,ehccareers-emory.icims.com,ehccareers-emory,university_hospital,icims
2202982,162424,Patient Care Technician / PCT / ICU,Clinical & Nursing Support,US-GA-Decatur,,,,,,2026-03-28T17:15:00,https://ehccareers-emory.icims.com/jobs/jobs/162424/job,,,2026-03-29T08:00:45.210740,073baeb73ac05751,Emory Healthcare,ehccareers-emory.icims.com,ehccareers-emory,university_hospital,icims
2202981,162425,Patient Care Technician / PCT / ICU,Clinical & Nursing Support,US-GA-Decatur,,,,,,2026-03-28T17:15:00,https://ehccareers-emory.icims.com/jobs/jobs/162425/job,,,2026-03-29T08:00:45.210714,2a9988ce0534ece7,Emory Healthcare,ehccareers-emory.icims.com,ehccareers-emory,university_hospital,icims
2202970,162984,Patient Care Technician / PCT / Cardiology,Clinical & Nursing Support,US-GA-Atlanta,,,,,,2026-03-28T17:00:00,https://ehccareers-emory.icims.com/jobs/jobs/162984/job,,,2026-03-29T08:00:45.210256,fb98377ff6e1cbc8,Emory Healthcare,ehccareers-emory.icims.com,ehccareers-emory,university_hospital,icims
2202969,162985,Patient Care Technician / PCT / Cardiology,Clinical & Nursing Support,US-GA-Atlanta,,,,,,2026-03-28T17:00:00,https://ehccareers-emory.icims.com/jobs/jobs/162985/job,,,2026-03-29T08:00:45.210192,e816e6dacd6630e9,Emory Healthcare,ehccareers-emory.icims.com,ehccareers-emory,university_hospital,icims
2202971,162983,Patient Care Technician / PCT / Cardiology,Clinical & Nursing Support,US-GA-Atlanta,,,,,,2026-03-28T16:59:00,https://ehccareers-emory.icims.com/jobs/jobs/162983/job,,,2026-03-29T08:00:45.210279,3c22c5051cad2adb,Emory Healthcare,ehccareers-emory.icims.com,ehccareers-emory,university_hospital,icims
2202975,162934,Patient Care Technician / PCT / PACU,Clinical & Nursing Support,US-GA-Atlanta,,,,,,2026-03-28T16:58:00,https://ehccareers-emory.icims.com/jobs/jobs/162934/job,,,2026-03-29T08:00:45.210462,31a83c2b7ede23c2,Emory Healthcare,ehccareers-emory.icims.com,ehccareers-emory,university_hospital,icims
2202972,162973,Patient Care Technician / Complex Med 6G,Clinical & Nursing Support,US-GA-Atlanta,,,,,,2026-03-28T16:52:00,https://ehccareers-emory.icims.com/jobs/jobs/162973/job,,,2026-03-29T08:00:45.210296,00f7274b67549aec,Emory Healthcare,ehccareers-emory.icims.com,ehccareers-emory,university_hospital,icims
2202973,162972,Patient Care Technician / PCT / Complex Med 6G,Clinical & Nursing Support,US-GA-Atlanta,,,,,,2026-03-28T16:51:00,https://ehccareers-emory.icims.com/jobs/jobs/162972/job,,,2026-03-29T08:00:45.210325,097e317a7c45e3d2,Emory Healthcare,ehccareers-emory.icims.com,ehccareers-emory,university_hospital,icims
2202976,162479,Patient Care Technician / PCT / Moderate Care Unit,Clinical & Nursing Support,US-GA-Atlanta,,,,,,2026-03-28T16:48:00,https://ehccareers-emory.icims.com/jobs/jobs/162479/job,,,2026-03-29T08:00:45.210579,39c5d5f4410ebbf3,Emory Healthcare,ehccareers-emory.icims.com,ehccareers-emory,university_hospital,icims
2202977,162478,Patient Care Technician / PCT / Moderate Care Unit,Clinical & Nursing Support,US-GA-Atlanta,,,,,,2026-03-28T16:47:00,https://ehccareers-emory.icims.com/jobs/jobs/162478/job,,,2026-03-29T08:00:45.210600,13d361b80bd52e4f,Emory Healthcare,ehccareers-emory.icims.com,ehccareers-emory,university_hospital,icims
2202978,162477,Patient Care Technician / PCT / Moderate Care Unit,Clinical & Nursing Support,US-GA-Atlanta,,,,,,2026-03-28T16:46:00,https://ehccareers-emory.icims.com/jobs/jobs/162477/job,,,2026-03-29T08:00:45.210625,873fecef1ec6dd04,Emory Healthcare,ehccareers-emory.icims.com,ehccareers-emory,university_hospital,icims
2202983,162374,Patient Care Technician /PCT/ Neuro- Neuro/Surgery,Clinical & Nursing Support,US-GA-Atlanta,,,,,,2026-03-28T16:42:00,https://ehccareers-emory.icims.com/jobs/jobs/162374/job,,,2026-03-29T08:00:45.210763,c66991a432528fd2,Emory Healthcare,ehccareers-emory.icims.com,ehccareers-emory,university_hospital,icims
2202984,162372,Patient Care Technician / PCT / Neuro -Neuro/ Surgery,Clinical & Nursing Support,US-GA-Atlanta,,,,,,2026-03-28T16:40:00,https://ehccareers-emory.icims.com/jobs/jobs/162372/job,,,2026-03-29T08:00:45.210786,1a6ea3e8ca3b8fb9,Emory Healthcare,ehccareers-emory.icims.com,ehccareers-emory,university_hospital,icims
2202974,162959,Patient Care Technician / PCT / Cardiology,Clinical & Nursing Support,US-GA-Atlanta,,,,,,2026-03-28T16:35:00,https://ehccareers-emory.icims.com/jobs/jobs/162959/job,,,2026-03-29T08:00:45.210375,d4e217a1b17e2038,Emory Healthcare,ehccareers-emory.icims.com,ehccareers-emory,university_hospital,icims
2203624,162941,Clinical Risk Manager,Nursing,US-GA-Atlanta,,,,,,2026-03-27T19:45:00,https://ehccareers-emory.icims.com/jobs/jobs/162941/job,,,2026-03-28T07:55:01.136097,0acb3be9307971f0,Emory Healthcare,ehccareers-emory.icims.com,ehccareers-emory,university_hospital,icims
2203633,161419,Data Analyst III - Transplant,Information Technology,US-GA-Atlanta,,,,,,2026-03-27T16:24:00,https://ehccareers-emory.icims.com/jobs/jobs/161419/job,,,2026-03-28T07:55:01.137054,81cf2d625745af86,Emory Healthcare,ehccareers-emory.icims.com,ehccareers-emory,university_hospital,icims
2203625,162937,Pharmacy Technician,Pharmacy,US-GA-Atlanta,,,,,,2026-03-27T15:06:00,https://ehccareers-emory.icims.com/jobs/jobs/162937/job,,,2026-03-28T07:55:01.136121,751be2c2d2ccac99,Emory Healthcare,ehccareers-emory.icims.com,ehccareers-emory,university_hospital,icims
2203619,163142,"Director, Patient Care Service / Physician Division",Nursing,US-GA-Atlanta,,,,,,2026-03-27T14:46:00,https://ehccareers-emory.icims.com/jobs/jobs/163142/job,,,2026-03-28T07:55:01.135953,c02462b85df9605f,Emory Healthcare,ehccareers-emory.icims.com,ehccareers-emory,university_hospital,icims
2203623,162944,Administrative Assistant,Clerical & Administrative,US-GA-Atlanta,,,,,,2026-03-27T14:08:00,https://ehccareers-emory.icims.com/jobs/jobs/162944/job,,,2026-03-28T07:55:01.136080,04f77be7a6e66475,Emory Healthcare,ehccareers-emory.icims.com,ehccareers-emory,university_hospital,icims
2203630,161968,Food & Nutrition Associate Sanitation,Food Services,US-GA-Decatur,,,,,,2026-03-27T10:28:00,https://ehccareers-emory.icims.com/jobs/jobs/161968/job,,,2026-03-28T07:55:01.136789,eab2c8f1868bf68c,Emory Healthcare,ehccareers-emory.icims.com,ehccareers-emory,university_hospital,icims
2203631,161966,Food & Nutrition Associate (sanitation),Food Services,US-GA-Decatur,,,,,,2026-03-27T10:27:00,https://ehccareers-emory.icims.com/jobs/jobs/161966/job,,,2026-03-28T07:55:01.136840,ba5553e0995533b8,Emory Healthcare,ehccareers-emory.icims.com,ehccareers-emory,university_hospital,icims
2203632,161641,Phlebotomy Tech,Laboratory,US-GA-Atlanta,,,,,,2026-03-27T10:13:00,https://ehccareers-emory.icims.com/jobs/jobs/161641/job,,,2026-03-28T07:55:01.136949,503834faacaa4330,Emory Healthcare,ehccareers-emory.icims.com,ehccareers-emory,university_hospital,icims
2203626,162915,Patient Access Specialist,Clerical & Administrative,US-GA-Hiawassee,,,,,,2026-03-27T04:20:00,https://ehccareers-emory.icims.com/jobs/jobs/162915/job,,,2026-03-28T07:55:01.136149,baca88f23caaab2c,Emory Healthcare,ehccareers-emory.icims.com,ehccareers-emory,university_hospital,icims
2203628,162865,"Supervisor, Operations",Clerical & Administrative,US-GA-Atlanta,,,,,,2026-03-27T04:18:00,https://ehccareers-emory.icims.com/jobs/jobs/162865/job,,,2026-03-28T07:55:01.136206,445e7963c5c8db9f,Emory Healthcare,ehccareers-emory.icims.com,ehccareers-emory,university_hospital,icims
2203627,162880,Patient Services Coordinator One,Clerical & Administrative,US-GA-Atlanta,,,,,,2026-03-27T04:17:00,https://ehccareers-emory.icims.com/jobs/jobs/162880/job,,,2026-03-28T07:55:01.136181,ea25326afab9e590,Emory Healthcare,ehccareers-emory.icims.com,ehccareers-emory,university_hospital,icims
2203622,163004,Unit Clerk,Clerical & Administrative,US-GA-Atlanta,,,,,,2026-03-27T04:15:00,https://ehccareers-emory.icims.com/jobs/jobs/163004/job,,,2026-03-28T07:55:01.136062,c293ef6779441290,Emory Healthcare,ehccareers-emory.icims.com,ehccareers-emory,university_hospital,icims
2203621,163071,Call Center Associate,Food Services,US-GA-Johns Creek,,,,,,2026-03-27T04:14:00,https://ehccareers-emory.icims.com/jobs/jobs/163071/job,,,2026-03-28T07:55:01.136041,2f801e7a2fa68a6d,Emory Healthcare,ehccareers-emory.icims.com,ehccareers-emory,university_hospital,icims
2203629,162442,Dining Services Associate,Food Services,US-GA-Atlanta,,,,,,2026-03-27T04:13:00,https://ehccareers-emory.icims.com/jobs/jobs/162442/job,,,2026-03-28T07:55:01.136498,04fa091a2f743d7b,Emory Healthcare,ehccareers-emory.icims.com,ehccareers-emory,university_hospital,icims
2203620,163105,Food & Nutrition Associate,Food Services,US-GA-Atlanta,,,,,,2026-03-27T04:13:00,https://ehccareers-emory.icims.com/jobs/jobs/163105/job,,,2026-03-28T07:55:01.136015,063a09ecb56b1ed3,Emory Healthcare,ehccareers-emory.icims.com,ehccareers-emory,university_hospital,icims
2203834,162825,Maintenance Mechanic,Facility Support and Building Maintenance,US-GA-Atlanta,,,,,,2026-03-26T19:44:00,https://ehccareers-emory.icims.com/jobs/jobs/162825/job,,,2026-03-27T08:12:28.303917,7bec25350cebf83b,Emory Healthcare,ehccareers-emory.icims.com,ehccareers-emory,university_hospital,icims
2203833,162829,Maintenance Mechanic Specialist,Facility Support and Building Maintenance,US-GA-Atlanta,,,,,,2026-03-26T19:44:00,https://ehccareers-emory.icims.com/jobs/jobs/162829/job,,,2026-03-27T08:12:28.303900,68ad85bad807eace,Emory Healthcare,ehccareers-emory.icims.com,ehccareers-emory,university_hospital,icims
2203832,162833,Maintenance Mechanic Specialist,Facility Support and Building Maintenance,US-GA-Atlanta,,,,,,2026-03-26T19:43:00,https://ehccareers-emory.icims.com/jobs/jobs/162833/job,,,2026-03-27T08:12:28.303881,8f7bdc9393872fd1,Emory Healthcare,ehccareers-emory.icims.com,ehccareers-emory,university_hospital,icims
2203831,162834,Maintenance Mechanic Specialist,Facility Support and Building Maintenance,US-GA-Atlanta,,,,,,2026-03-26T19:42:00,https://ehccareers-emory.icims.com/jobs/jobs/162834/job,,,2026-03-27T08:12:28.303862,03b7c53e5db43596,Emory Healthcare,ehccareers-emory.icims.com,ehccareers-emory,university_hospital,icims
2203830,162835,Maintenance Mechanic Specialist,Facility Support and Building Maintenance,US-GA-Atlanta,,,,,,2026-03-26T19:42:00,https://ehccareers-emory.icims.com/jobs/jobs/162835/job,,,2026-03-27T08:12:28.303825,cac67057eac54e83,Emory Healthcare,ehccareers-emory.icims.com,ehccareers-emory,university_hospital,icims
2203838,162657,Maintenance Supervisor,Facility Support and Building Maintenance,US-GA-Atlanta,,,,,,2026-03-26T19:31:00,https://ehccareers-emory.icims.com/jobs/jobs/162657/job,,,2026-03-27T08:12:28.304089,8eeda39a24716cc1,Emory Healthcare,ehccareers-emory.icims.com,ehccareers-emory,university_hospital,icims
2203895,152782,Medical Physicist Assistant,Business Operations,US-GA-Atlanta,,,,,,2026-03-26T15:15:00,https://ehccareers-emory.icims.com/jobs/jobs/152782/job,,,2026-03-27T08:12:28.306377,d3ba787135ae3a8c,Emory Healthcare,ehccareers-emory.icims.com,ehccareers-emory,university_hospital,icims
2203842,162458,Anesthesia Technologist / PRN,Clinical & Nursing Support,US-GA-Atlanta,,,,,,2026-03-26T14:45:00,https://ehccareers-emory.icims.com/jobs/jobs/162458/job,,,2026-03-27T08:12:28.304305,aa4e93b5a82b48f2,Emory Healthcare,ehccareers-emory.icims.com,ehccareers-emory,university_hospital,icims
2203839,162580,Sterile Processing Technician / Evenings,Clinical & Nursing Support,US-GA-Atlanta,,,,,,2026-03-26T14:43:00,https://ehccareers-emory.icims.com/jobs/jobs/162580/job,,,2026-03-27T08:12:28.304142,be0160b5286310a3,Emory Healthcare,ehccareers-emory.icims.com,ehccareers-emory,university_hospital,icims
2203835,162720,Endoscopy Technician / PRN,Clinical & Nursing Support,US-GA-Decatur,,,,,,2026-03-26T14:42:00,https://ehccareers-emory.icims.com/jobs/jobs/162720/job,,,2026-03-27T08:12:28.303965,903c23b0ff04593c,Emory Healthcare,ehccareers-emory.icims.com,ehccareers-emory,university_hospital,icims
2203836,162686,Endoscopy Technician,Clinical & Nursing Support,US-GA-Decatur,,,,,,2026-03-26T14:40:00,https://ehccareers-emory.icims.com/jobs/jobs/162686/job,,,2026-03-27T08:12:28.304007,78a1e65a2402ca5b,Emory Healthcare,ehccareers-emory.icims.com,ehccareers-emory,university_hospital,icims
2203860,160329,Endoscopy Technician,Clinical & Nursing Support,US-GA-Atlanta,,,,,,2026-03-26T14:39:00,https://ehccareers-emory.icims.com/jobs/jobs/160329/job,,,2026-03-27T08:12:28.305233,6e56419eeef7785d,Emory Healthcare,ehccareers-emory.icims.com,ehccareers-emory,university_hospital,icims
2203904,115834,Orthopedic and Spine OR First Assistant,Nursing,US-GA-Atlanta,,,,,,2026-03-26T13:57:00,https://ehccareers-emory.icims.com/jobs/jobs/115834/job,,,2026-03-27T08:12:28.306694,91847e0d6c9fc592,Emory Healthcare,ehccareers-emory.icims.com,ehccareers-emory,university_hospital,icims
2203873,157514,RN / General GI Surgery Clinic,Nursing,US-GA-Atlanta,,,,,,2026-03-26T13:36:00,https://ehccareers-emory.icims.com/jobs/jobs/157514/job,,,2026-03-27T08:12:28.305755,8b36b0321341c318,Emory Healthcare,ehccareers-emory.icims.com,ehccareers-emory,university_hospital,icims
2203837,162659,Medical Lab Scientist / Weekends,Laboratory,US-GA-Decatur,,,,,,2026-03-26T13:35:00,https://ehccareers-emory.icims.com/jobs/jobs/162659/job,,,2026-03-27T08:12:28.304071,227e568edea98389,Emory Healthcare,ehccareers-emory.icims.com,ehccareers-emory,university_hospital,icims
2203844,162351,Medical ICU Registered Nurse / RN,Nursing,US-GA-Atlanta,,,,,,2026-03-26T13:33:00,https://ehccareers-emory.icims.com/jobs/jobs/162351/job,,,2026-03-27T08:12:28.304512,287ecc5af91df71f,Emory Healthcare,ehccareers-emory.icims.com,ehccareers-emory,university_hospital,icims
2203843,162412,Medical Lab Scientist / Generalist,Laboratory,US-GA-Atlanta,,,,,,2026-03-26T13:28:00,https://ehccareers-emory.icims.com/jobs/jobs/162412/job,,,2026-03-27T08:12:28.304342,9372633a5dfe36e3,Emory Healthcare,ehccareers-emory.icims.com,ehccareers-emory,university_hospital,icims
2203829,162859,Medical Lab Scientist,Laboratory,US-GA-Atlanta,,,,,,2026-03-26T13:26:00,https://ehccareers-emory.icims.com/jobs/jobs/162859/job,,,2026-03-27T08:12:28.303757,203f9b88ddbe31c2,Emory Healthcare,ehccareers-emory.icims.com,ehccareers-emory,university_hospital,icims
2203878,156973,Occupational Therapist,Therapy,US-GA-Atlanta,,,,,,2026-03-26T13:22:00,https://ehccareers-emory.icims.com/jobs/jobs/156973/job,,,2026-03-27T08:12:28.305842,c9cb82de9b4e8031,Emory Healthcare,ehccareers-emory.icims.com,ehccareers-emory,university_hospital,icims
2203858,160659,Clinical Assistant Manager / Athletic Training,Therapy,US-GA-Atlanta,,,,,,2026-03-26T13:22:00,https://ehccareers-emory.icims.com/jobs/jobs/160659/job,,,2026-03-27T08:12:28.305200,a913bb05d0e1060d,Emory Healthcare,ehccareers-emory.icims.com,ehccareers-emory,university_hospital,icims
2203859,160612,Occupational Therapist / Outpatient,Therapy,US-GA-Conyers,,,,,,2026-03-26T13:21:00,https://ehccareers-emory.icims.com/jobs/jobs/160612/job,,,2026-03-27T08:12:28.305216,6d22c719467dc4fd,Emory Healthcare,ehccareers-emory.icims.com,ehccareers-emory,university_hospital,icims
2203877,157054,Certified Hand Specialist,Therapy,US-GA-Peachtree City,,,,,,2026-03-26T13:20:00,https://ehccareers-emory.icims.com/jobs/jobs/157054/job,,,2026-03-27T08:12:28.305826,e908b8d90d76bee3,Emory Healthcare,ehccareers-emory.icims.com,ehccareers-emory,university_hospital,icims
2203898,151369,Physical Therapist / PRN / Outpatient,Therapy,US-GA-Conyers,,,,,,2026-03-26T13:19:00,https://ehccareers-emory.icims.com/jobs/jobs/151369/job,,,2026-03-27T08:12:28.306473,6d6048fb8343dc82,Emory Healthcare,ehccareers-emory.icims.com,ehccareers-emory,university_hospital,icims
2203897,151370,Physical Therapist Assistant / Outpatient,Therapy,US-GA-Peachtree City,,,,,,2026-03-26T13:19:00,https://ehccareers-emory.icims.com/jobs/jobs/151370/job,,,2026-03-27T08:12:28.306439,985855c92c90119d,Emory Healthcare,ehccareers-emory.icims.com,ehccareers-emory,university_hospital,icims
2203890,154955,Physical Therapist / PRN,Therapy,US-GA-Decatur,,,,,,2026-03-26T13:19:00,https://ehccareers-emory.icims.com/jobs/jobs/154955/job,,,2026-03-27T08:12:28.306150,1c5e0f3f16bcb461,Emory Healthcare,ehccareers-emory.icims.com,ehccareers-emory,university_hospital,icims
2203896,151435,Occupational Therapist / PRN,Therapy,US-GA-Decatur,,,,,,2026-03-26T13:18:00,https://ehccareers-emory.icims.com/jobs/jobs/151435/job,,,2026-03-27T08:12:28.306400,ebef1640949f45d4,Emory Healthcare,ehccareers-emory.icims.com,ehccareers-emory,university_hospital,icims
2203894,153156,Speech Pathologist / PRN,Therapy,US-GA-Lithonia,,,,,,2026-03-26T13:17:00,https://ehccareers-emory.icims.com/jobs/jobs/153156/job,,,2026-03-27T08:12:28.306360,7e261337900511af,Emory Healthcare,ehccareers-emory.icims.com,ehccareers-emory,university_hospital,icims
2203864,159533,Physical Therapist / PRN,Therapy,US-GA-Lithonia,,,,,,2026-03-26T13:17:00,https://ehccareers-emory.icims.com/jobs/jobs/159533/job,,,2026-03-27T08:12:28.305411,1d7ec855d1562eec,Emory Healthcare,ehccareers-emory.icims.com,ehccareers-emory,university_hospital,icims
2203855,161473,Occupational Therapist / Part Time,Therapy,US-GA-Johns Creek,,,,,,2026-03-26T13:16:00,https://ehccareers-emory.icims.com/jobs/jobs/161473/job,,,2026-03-27T08:12:28.304963,b5937c2e4e906b79,Emory Healthcare,ehccareers-emory.icims.com,ehccareers-emory,university_hospital,icims
2203854,161599,Speech Pathologist / PRN,Therapy,US-GA-Decatur,,,,,,2026-03-26T13:14:00,https://ehccareers-emory.icims.com/jobs/jobs/161599/job,,,2026-03-27T08:12:28.304939,df97eac56e7ec540,Emory Healthcare,ehccareers-emory.icims.com,ehccareers-emory,university_hospital,icims
2203861,160016,Speech Pathologist / Weekends,Therapy,US-GA-Decatur,,,,,,2026-03-26T13:10:00,https://ehccareers-emory.icims.com/jobs/jobs/160016/job,,,2026-03-27T08:12:28.305252,3afd699b72201835,Emory Healthcare,ehccareers-emory.icims.com,ehccareers-emory,university_hospital,icims
2203883,155676,Occupational Therapist / PRN,Therapy,US-GA-Decatur,,,,,,2026-03-26T13:09:00,https://ehccareers-emory.icims.com/jobs/jobs/155676/job,,,2026-03-27T08:12:28.306016,dd988c1b59328532,Emory Healthcare,ehccareers-emory.icims.com,ehccareers-emory,university_hospital,icims
2203848,162017,Mental Health Associate / Nights,Clinical & Nursing Support,US-GA-Decatur,,,,,,2026-03-26T13:09:00,https://ehccareers-emory.icims.com/jobs/jobs/162017/job,,,2026-03-27T08:12:28.304689,f5dfb03188d72e05,Emory Healthcare,ehccareers-emory.icims.com,ehccareers-emory,university_hospital,icims
2203884,155675,Physical Therapist / PRN,Therapy,US-GA-Decatur,,,,,,2026-03-26T13:07:00,https://ehccareers-emory.icims.com/jobs/jobs/155675/job,,,2026-03-27T08:12:28.306032,fa01bfa8baf16606,Emory Healthcare,ehccareers-emory.icims.com,ehccareers-emory,university_hospital,icims
2203871,157875,Occupational Therapist / Outpatient,Therapy,US-GA-Decatur,,,,,,2026-03-26T13:02:00,https://ehccareers-emory.icims.com/jobs/jobs/157875/job,,,2026-03-27T08:12:28.305711,af6988f8d387a020,Emory Healthcare,ehccareers-emory.icims.com,ehccareers-emory,university_hospital,icims
2203870,158070,Rehab Clinic Manager / Physical Therapy,Therapy,US-GA-Douglasville,,,,,,2026-03-26T13:02:00,https://ehccareers-emory.icims.com/jobs/jobs/158070/job,,,2026-03-27T08:12:28.305678,839f9f09e7ce2c1d,Emory Healthcare,ehccareers-emory.icims.com,ehccareers-emory,university_hospital,icims
2203887,155326,Physical Therapist / PRN / Outpatient,Therapy,US-GA-Decatur,,,,,,2026-03-26T13:01:00,https://ehccareers-emory.icims.com/jobs/jobs/155326/job,,,2026-03-27T08:12:28.306079,335812405cb0bc99,Emory Healthcare,ehccareers-emory.icims.com,ehccareers-emory,university_hospital,icims
2203886,155333,Occupational Therapist / Outpatient,Therapy,US-GA-McDonough,,,,,,2026-03-26T13:01:00,https://ehccareers-emory.icims.com/jobs/jobs/155333/job,,,2026-03-27T08:12:28.306064,b2d4712fdbb50f3a,Emory Healthcare,ehccareers-emory.icims.com,ehccareers-emory,university_hospital,icims
2203888,155156,Addiction Counselor,Social Work/Behavioral Health,US-GA-Atlanta,,,,,,2026-03-26T13:00:00,https://ehccareers-emory.icims.com/jobs/jobs/155156/job,,,2026-03-27T08:12:28.306117,280f1664eed3f42b,Emory Healthcare,ehccareers-emory.icims.com,ehccareers-emory,university_hospital,icims
2203851,161705,Athletic Trainer / Surgical,Therapy,US-GA-Brookhaven,,,,,,2026-03-26T12:59:00,https://ehccareers-emory.icims.com/jobs/jobs/161705/job,,,2026-03-27T08:12:28.304834,e0cec58421c91b1d,Emory Healthcare,ehccareers-emory.icims.com,ehccareers-emory,university_hospital,icims
2203885,155516,Athletic Trainer,Therapy,US-GA-Brookhaven,,,,,,2026-03-26T12:58:00,https://ehccareers-emory.icims.com/jobs/jobs/155516/job,,,2026-03-27T08:12:28.306048,0f426f5a7c649bee,Emory Healthcare,ehccareers-emory.icims.com,ehccareers-emory,university_hospital,icims
2203902,147792,Occupational Therapist / PRN,Therapy,US-GA-Decatur,,,,,,2026-03-26T12:57:00,https://ehccareers-emory.icims.com/jobs/jobs/147792/job,,,2026-03-27T08:12:28.306585,6aa987d689108cf9,Emory Healthcare,ehccareers-emory.icims.com,ehccareers-emory,university_hospital,icims
2203900,150159,Speech Pathologist / PRN,Therapy,US-GA-Atlanta,,,,,,2026-03-26T12:57:00,https://ehccareers-emory.icims.com/jobs/jobs/150159/job,,,2026-03-27T08:12:28.306526,9aa19ea30d75b8c0,Emory Healthcare,ehccareers-emory.icims.com,ehccareers-emory,university_hospital,icims
2203899,151100,Occupational Therapist / PRN,Therapy,US-GA-Decatur,,,,,,2026-03-26T12:48:00,https://ehccareers-emory.icims.com/jobs/jobs/151100/job,,,2026-03-27T08:12:28.306494,83a4abb114b2a951,Emory Healthcare,ehccareers-emory.icims.com,ehccareers-emory,university_hospital,icims
2203869,158282,Speech Pathologist / PRN,Therapy,US-GA-Decatur,,,,,,2026-03-26T12:48:00,https://ehccareers-emory.icims.com/jobs/jobs/158282/job,,,2026-03-27T08:12:28.305590,bf14c19812ccdb8a,Emory Healthcare,ehccareers-emory.icims.com,ehccareers-emory,university_hospital,icims
2203903,147459,Occupational Therapist / PRN,Therapy,US-GA-Lithonia,,,,,,2026-03-26T12:47:00,https://ehccareers-emory.icims.com/jobs/jobs/147459/job,,,2026-03-27T08:12:28.306614,2c2c81321e35db03,Emory Healthcare,ehccareers-emory.icims.com,ehccareers-emory,university_hospital,icims
2203840,162527,"Senior Manager, Operations",Business Operations,US-GA-Atlanta,,,,,,2026-03-26T12:33:00,https://ehccareers-emory.icims.com/jobs/jobs/162527/job,,,2026-03-27T08:12:28.304193,7da2a6efba6c4dc3,Emory Healthcare,ehccareers-emory.icims.com,ehccareers-emory,university_hospital,icims
2203875,157360,Exercise Physiologist,Therapy,US-GA-Atlanta,,,,,,2026-03-26T12:14:00,https://ehccareers-emory.icims.com/jobs/jobs/157360/job,,,2026-03-27T08:12:28.305794,83fb1478379edc1e,Emory Healthcare,ehccareers-emory.icims.com,ehccareers-emory,university_hospital,icims
2203866,159149,Speech Pathologist / PRN,Therapy,US-GA-Atlanta,,,,,,2026-03-26T12:10:00,https://ehccareers-emory.icims.com/jobs/jobs/159149/job,,,2026-03-27T08:12:28.305482,e41cb97631e053e8,Emory Healthcare,ehccareers-emory.icims.com,ehccareers-emory,university_hospital,icims
2203856,161377,Physical Therapist / Outpatient,Therapy,US-GA-Atlanta,,,,,,2026-03-26T12:10:00,https://ehccareers-emory.icims.com/jobs/jobs/161377/job,,,2026-03-27T08:12:28.304997,3883370d0f23867a,Emory Healthcare,ehccareers-emory.icims.com,ehccareers-emory,university_hospital,icims
2203868,159137,Physical Therapist / PRN,Therapy,US-GA-Atlanta,,,,,,2026-03-26T12:07:00,https://ehccareers-emory.icims.com/jobs/jobs/159137/job,,,2026-03-27T08:12:28.305534,14a5c8102d9a58c0,Emory Healthcare,ehccareers-emory.icims.com,ehccareers-emory,university_hospital,icims
2203867,159138,Physical Therapist / PRN,Therapy,US-GA-Atlanta,,,,,,2026-03-26T12:07:00,https://ehccareers-emory.icims.com/jobs/jobs/159138/job,,,2026-03-27T08:12:28.305501,1794ae17821c1dd4,Emory Healthcare,ehccareers-emory.icims.com,ehccareers-emory,university_hospital,icims
2203872,157674,Occupational Therapist / Outpatient,Therapy,US-GA-Tucker,,,,,,2026-03-26T12:06:00,https://ehccareers-emory.icims.com/jobs/jobs/157674/job,,,2026-03-27T08:12:28.305739,278375b512a2e388,Emory Healthcare,ehccareers-emory.icims.com,ehccareers-emory,university_hospital,icims
2203857,161376,Physical Therapist / PRN / Outpatient,Therapy,US-GA-Kennesaw,,,,,,2026-03-26T12:06:00,https://ehccareers-emory.icims.com/jobs/jobs/161376/job,,,2026-03-27T08:12:28.305014,de613e099f149549,Emory Healthcare,ehccareers-emory.icims.com,ehccareers-emory,university_hospital,icims
2203880,156958,Physical Therapist / PRN / Outpatient,Therapy,US-GA-Tucker,,,,,,2026-03-26T12:05:00,https://ehccareers-emory.icims.com/jobs/jobs/156958/job,,,2026-03-27T08:12:28.305885,324137b1de3ffdc4,Emory Healthcare,ehccareers-emory.icims.com,ehccareers-emory,university_hospital,icims
2203879,156959,Physical Therapist / Outpatient / PRN,Therapy,US-GA-Decatur,,,,,,2026-03-26T12:05:00,https://ehccareers-emory.icims.com/jobs/jobs/156959/job,,,2026-03-27T08:12:28.305858,785f8f921bf47e6a,Emory Healthcare,ehccareers-emory.icims.com,ehccareers-emory,university_hospital,icims
2203892,154115,Physical Therapist / PRN / Outpatient,Therapy,US-GA-Cumming,,,,,,2026-03-26T12:04:00,https://ehccareers-emory.icims.com/jobs/jobs/154115/job,,,2026-03-27T08:12:28.306280,572616c949819b8a,Emory Healthcare,ehccareers-emory.icims.com,ehccareers-emory,university_hospital,icims
2203876,157173,Critical Care Stepdown LTAC Registered Nurse / RN,Nursing,US-GA-Decatur,,,,,,2026-03-26T11:32:00,https://ehccareers-emory.icims.com/jobs/jobs/157173/job,,,2026-03-27T08:12:28.305810,5d7eb5504f3b362f,Emory Healthcare,ehccareers-emory.icims.com,ehccareers-emory,university_hospital,icims
2203901,148840,Critical Care Stepdown LTAC Charge Nurse / RN,Nursing,US-GA-Decatur,,,,,,2026-03-26T11:29:00,https://ehccareers-emory.icims.com/jobs/jobs/148840/job,,,2026-03-27T08:12:28.306567,5364673c1fd8c035,Emory Healthcare,ehccareers-emory.icims.com,ehccareers-emory,university_hospital,icims
2203853,161614,Critical Care Stepdown Registered Nurse / RN,Nursing,US-GA-Decatur,,,,,,2026-03-26T11:28:00,https://ehccareers-emory.icims.com/jobs/jobs/161614/job,,,2026-03-27T08:12:28.304916,09b289550512c37f,Emory Healthcare,ehccareers-emory.icims.com,ehccareers-emory,university_hospital,icims
2203893,153278,Unit Charge Nurse Critical Care Stepdown / RN,Nursing,US-GA-Decatur,,,,,,2026-03-26T11:27:00,https://ehccareers-emory.icims.com/jobs/jobs/153278/job,,,2026-03-27T08:12:28.306337,d31560ca79dda173,Emory Healthcare,ehccareers-emory.icims.com,ehccareers-emory,university_hospital,icims
2203852,161634,Unit Charge Nurse Critical Care Stepdown / RN,Nursing,US-GA-Decatur,,,,,,2026-03-26T11:27:00,https://ehccareers-emory.icims.com/jobs/jobs/161634/job,,,2026-03-27T08:12:28.304867,c0395dd851a6cc7e,Emory Healthcare,ehccareers-emory.icims.com,ehccareers-emory,university_hospital,icims
2203882,156140,"Allergy, Asthma, Immunology NP / PA",Advanced Practice Providers,US-GA-Atlanta,,,,,,2026-03-26T10:59:00,https://ehccareers-emory.icims.com/jobs/jobs/156140/job,,,2026-03-27T08:12:28.305976,918998a54b847ec3,Emory Healthcare,ehccareers-emory.icims.com,ehccareers-emory,university_hospital,icims
2203881,156588,Nephrology Advanced Practice Provider ACNP / PA,Advanced Practice Providers,US-GA-Atlanta,,,,,,2026-03-26T10:58:00,https://ehccareers-emory.icims.com/jobs/jobs/156588/job,,,2026-03-27T08:12:28.305935,9c3bb6ae29dfc467,Emory Healthcare,ehccareers-emory.icims.com,ehccareers-emory,university_hospital,icims
2203841,162526,Patient Arrival Specialist,Clerical & Administrative,US-GA-Atlanta,,,,,,2026-03-26T10:44:00,https://ehccareers-emory.icims.com/jobs/jobs/162526/job,,,2026-03-27T08:12:28.304212,952ba72cbdc45b26,Emory Healthcare,ehccareers-emory.icims.com,ehccareers-emory,university_hospital,icims
2203847,162096,Patient Arrival Specialist,Clerical & Administrative,US-GA-Lilburn,,,,,,2026-03-26T10:43:00,https://ehccareers-emory.icims.com/jobs/jobs/162096/job,,,2026-03-27T08:12:28.304647,e4ba91f15a0d042f,Emory Healthcare,ehccareers-emory.icims.com,ehccareers-emory,university_hospital,icims
2203865,159268,"Supervisor, Priority Access",Clerical & Administrative,US-GA-Atlanta,,,,,,2026-03-26T10:40:00,https://ehccareers-emory.icims.com/jobs/jobs/159268/job,,,2026-03-27T08:12:28.305446,caa6cca8703775f6,Emory Healthcare,ehccareers-emory.icims.com,ehccareers-emory,university_hospital,icims
2203863,159806,Patient Access Engagement Liaison - MyChart,Clerical & Administrative,US-GA-Atlanta,,,,,,2026-03-26T10:39:00,https://ehccareers-emory.icims.com/jobs/jobs/159806/job,,,2026-03-27T08:12:28.305348,54f190b0cee405f1,Emory Healthcare,ehccareers-emory.icims.com,ehccareers-emory,university_hospital,icims
2203846,162103,Patient Access Priority Engagement Specialist Lead,Clerical & Administrative,US-GA-Atlanta,,,,,,2026-03-26T10:37:00,https://ehccareers-emory.icims.com/jobs/jobs/162103/job,,,2026-03-27T08:12:28.304630,a455288a766648e2,Emory Healthcare,ehccareers-emory.icims.com,ehccareers-emory,university_hospital,icims
2203874,157447,Patient Access Engagement Liaison,Clerical & Administrative,US-GA-Atlanta,,,,,,2026-03-26T10:36:00,https://ehccareers-emory.icims.com/jobs/jobs/157447/job,,,2026-03-27T08:12:28.305778,57185a5a4c526de3,Emory Healthcare,ehccareers-emory.icims.com,ehccareers-emory,university_hospital,icims
2203891,154570,Lead Orthopedic APP Ambulatory Clinic - NP / PA,Advanced Practice Providers,US-GA-Atlanta,,,,,,2026-03-26T09:56:00,https://ehccareers-emory.icims.com/jobs/jobs/154570/job,,,2026-03-27T08:12:28.306180,d82580616200d1af,Emory Healthcare,ehccareers-emory.icims.com,ehccareers-emory,university_hospital,icims
2203849,161890,Infusion Registered Nurse / PRN,Nursing,US-GA-Decatur,,,,,,2026-03-26T09:41:00,https://ehccareers-emory.icims.com/jobs/jobs/161890/job,,,2026-03-27T08:12:28.304751,3c109cbf9fc0a161,Emory Healthcare,ehccareers-emory.icims.com,ehccareers-emory,university_hospital,icims
2203862,159820,RN / Outpatient Cardiology,Nursing,US-GA-Atlanta,,,,,,2026-03-26T09:23:00,https://ehccareers-emory.icims.com/jobs/jobs/159820/job,,,2026-03-27T08:12:28.305327,a32304f70d6a7b59,Emory Healthcare,ehccareers-emory.icims.com,ehccareers-emory,university_hospital,icims
2203850,161715,Patient Access Consultant,Business Operations,US-GA-Atlanta,,,,,,2026-03-26T08:48:00,https://ehccareers-emory.icims.com/jobs/jobs/161715/job,,,2026-03-27T08:12:28.304811,1f868c3be08a0ca2,Emory Healthcare,ehccareers-emory.icims.com,ehccareers-emory,university_hospital,icims
2203845,162222,Maintenance Mechanic,Facility Support and Building Maintenance,US-GA-Atlanta,,,,,,2026-03-26T08:46:00,https://ehccareers-emory.icims.com/jobs/jobs/162222/job,,,2026-03-27T08:12:28.304532,e017044231a7aaf7,Emory Healthcare,ehccareers-emory.icims.com,ehccareers-emory,university_hospital,icims
2203889,155049,Imaging Services Assistant,Imaging & Radiology,US-GA-Atlanta,,,,,,2026-03-26T07:50:00,https://ehccareers-emory.icims.com/jobs/jobs/155049/job,,,2026-03-27T08:12:28.306133,04707c0227e8f1cc,Emory Healthcare,ehccareers-emory.icims.com,ehccareers-emory,university_hospital,icims
2205288,162689,Operating Room Registered Nurse,Nursing,US-GA-Atlanta,,,,,,2026-03-25T19:22:00,https://ehccareers-emory.icims.com/jobs/jobs/162689/job,,,2026-03-26T08:13:29.719587,9509c1db8ccf7f39,Emory Healthcare,ehccareers-emory.icims.com,ehccareers-emory,university_hospital,icims
2205295,161633,Operating Room Registered Nurse,Nursing,US-GA-Atlanta,,,,,,2026-03-25T18:44:00,https://ehccareers-emory.icims.com/jobs/jobs/161633/job,,,2026-03-26T08:13:29.720467,81fd5eb12e752a4e,Emory Healthcare,ehccareers-emory.icims.com,ehccareers-emory,university_hospital,icims
2205299,159239,CVOR Registered Nurse,Nursing,US-GA-Atlanta,,,,,,2026-03-25T18:33:00,https://ehccareers-emory.icims.com/jobs/jobs/159239/job,,,2026-03-26T08:13:29.720891,ca268511dbc69917,Emory Healthcare,ehccareers-emory.icims.com,ehccareers-emory,university_hospital,icims
2205293,162386,"Manager, Language Access Services",Clerical & Administrative,US-GA-Atlanta,,,,,,2026-03-25T17:45:00,https://ehccareers-emory.icims.com/jobs/jobs/162386/job,,,2026-03-26T08:13:29.720132,82774413d4161718,Emory Healthcare,ehccareers-emory.icims.com,ehccareers-emory,university_hospital,icims
2205302,146085,Patient Care Tech / Float Pool,Clinical & Nursing Support,US-GA-Johns Creek,,,,,,2026-03-25T17:26:00,https://ehccareers-emory.icims.com/jobs/jobs/146085/job,,,2026-03-26T08:13:29.721593,4c2a5df3e85ad556,Emory Healthcare,ehccareers-emory.icims.com,ehccareers-emory,university_hospital,icims
2205298,159452,Medical Lab Technician/ Blood Bank,Laboratory,US-GA-Atlanta,,,,,,2026-03-25T16:51:00,https://ehccareers-emory.icims.com/jobs/jobs/159452/job,,,2026-03-26T08:13:29.720874,1ad47b473093b3e0,Emory Healthcare,ehccareers-emory.icims.com,ehccareers-emory,university_hospital,icims
2205287,162916,Patient Care Technician / PCT / Acute Rehab,Clinical & Nursing Support,US-GA-Atlanta,,,,,,2026-03-25T15:56:00,https://ehccareers-emory.icims.com/jobs/jobs/162916/job,,,2026-03-26T08:13:29.719360,1bdbcbd96798e230,Emory Healthcare,ehccareers-emory.icims.com,ehccareers-emory,university_hospital,icims
2205285,163055,Occupational Therapist / Outpatient / Part Time,Therapy,US-GA-Duluth,,,,,,2026-03-25T15:11:00,https://ehccareers-emory.icims.com/jobs/jobs/163055/job,,,2026-03-26T08:13:29.719053,31c26e3f0806fd43,Emory Healthcare,ehccareers-emory.icims.com,ehccareers-emory,university_hospital,icims
2205301,158054,Phlebotomy Tech Float,Laboratory,US-GA-Atlanta,,,,,,2026-03-25T14:49:00,https://ehccareers-emory.icims.com/jobs/jobs/158054/job,,,2026-03-26T08:13:29.721145,67f57d786778ea87,Emory Healthcare,ehccareers-emory.icims.com,ehccareers-emory,university_hospital,icims
2205292,162406,Phlebotomy Tech,Laboratory,US-GA-Atlanta,,,,,,2026-03-25T14:44:00,https://ehccareers-emory.icims.com/jobs/jobs/162406/job,,,2026-03-26T08:13:29.720046,30b528accc0ac54c,Emory Healthcare,ehccareers-emory.icims.com,ehccareers-emory,university_hospital,icims
2205296,161537,Part Time Phlebotomist,Laboratory,US-GA-Atlanta,,,,,,2026-03-25T14:43:00,https://ehccareers-emory.icims.com/jobs/jobs/161537/job,,,2026-03-26T08:13:29.720515,3e457682d2a40c66,Emory Healthcare,ehccareers-emory.icims.com,ehccareers-emory,university_hospital,icims
2205300,159080,PRN Phlebotomy Tech,Laboratory,US-GA-Decatur,,,,,,2026-03-25T14:39:00,https://ehccareers-emory.icims.com/jobs/jobs/159080/job,,,2026-03-26T08:13:29.720969,60bf18eba0a6a05d,Emory Healthcare,ehccareers-emory.icims.com,ehccareers-emory,university_hospital,icims
2205297,160257,Phlebotomy Tech,Laboratory,US-GA-Decatur,,,,,,2026-03-25T14:39:00,https://ehccareers-emory.icims.com/jobs/jobs/160257/job,,,2026-03-26T08:13:29.720778,d3f8c4fe0e684d12,Emory Healthcare,ehccareers-emory.icims.com,ehccareers-emory,university_hospital,icims
2205294,161789,PRN Phlebotomy Tech,Laboratory,US-GA-Decatur,,,,,,2026-03-25T14:39:00,https://ehccareers-emory.icims.com/jobs/jobs/161789/job,,,2026-03-26T08:13:29.720441,9689b8415b6ac5bb,Emory Healthcare,ehccareers-emory.icims.com,ehccareers-emory,university_hospital,icims
2205286,162957,Radiologic Technologist Outpatient / Part-Time Days,Imaging & Radiology,US-GA-Kennesaw,,,,,,2026-03-25T14:33:00,https://ehccareers-emory.icims.com/jobs/jobs/162957/job,,,2026-03-26T08:13:29.719310,af8e04edcd1552f4,Emory Healthcare,ehccareers-emory.icims.com,ehccareers-emory,university_hospital,icims
2205289,162673,Neurodiagnostic Tech / WEO,Neurodiagnostics,US-GA-Atlanta,,,,,,2026-03-25T13:53:00,https://ehccareers-emory.icims.com/jobs/jobs/162673/job,,,2026-03-26T08:13:29.719625,c77f549a58aeae17,Emory Healthcare,ehccareers-emory.icims.com,ehccareers-emory,university_hospital,icims
2205290,162669,Neurodiagnostic Specialist,Clinical & Nursing Support,US-GA-Atlanta,,,,,,2026-03-25T13:52:00,https://ehccareers-emory.icims.com/jobs/jobs/162669/job,,,2026-03-26T08:13:29.719646,5c2ecf35b27d64b2,Emory Healthcare,ehccareers-emory.icims.com,ehccareers-emory,university_hospital,icims
2205291,162633,Phlebotomy Tech / PRN,Laboratory,US-GA-Johns Creek,,,,,,2026-03-25T13:42:00,https://ehccareers-emory.icims.com/jobs/jobs/162633/job,,,2026-03-26T08:13:29.719713,30e7773daff0605a,Emory Healthcare,ehccareers-emory.icims.com,ehccareers-emory,university_hospital,icims
2205963,159702,PCC - Complex Scheduler,Clerical & Administrative,US-GA-Atlanta,,,,,,2026-03-25T12:52:00,https://ehccareers-emory.icims.com/jobs/jobs/159702/job,,,2026-03-25T17:12:57.059300,927f80fb586c913f,Emory Healthcare,ehccareers-emory.icims.com,ehccareers-emory,university_hospital,icims
2205941,161898,Pharmacy Intern,Pharmacy,US-GA-Atlanta,,,,,,2026-03-25T12:20:00,https://ehccareers-emory.icims.com/jobs/jobs/161898/job,,,2026-03-25T17:12:57.058799,acfb6f962f085763,Emory Healthcare,ehccareers-emory.icims.com,ehccareers-emory,university_hospital,icims
2205934,162494,Guest Services Associate,Clerical & Administrative,US-GA-Decatur,,,,,,2026-03-25T12:10:00,https://ehccareers-emory.icims.com/jobs/jobs/162494/job,,,2026-03-25T17:12:57.058218,632df47c7a2f37c8,Emory Healthcare,ehccareers-emory.icims.com,ehccareers-emory,university_hospital,icims
2205932,162530,Guest Services Associate,Clerical & Administrative,US-GA-Lithonia,,,,,,2026-03-25T12:10:00,https://ehccareers-emory.icims.com/jobs/jobs/162530/job,,,2026-03-25T17:12:57.057183,1aa82a9c5ff48815,Emory Healthcare,ehccareers-emory.icims.com,ehccareers-emory,university_hospital,icims
2205931,162532,Guest Services Associate,Clerical & Administrative,US-GA-Decatur,,,,,,2026-03-25T12:10:00,https://ehccareers-emory.icims.com/jobs/jobs/162532/job,,,2026-03-25T17:12:57.057165,a2f3b844392baefe,Emory Healthcare,ehccareers-emory.icims.com,ehccareers-emory,university_hospital,icims
2205999,148884,Guest Services Associate,Clerical & Administrative,US-GA-Decatur,,,,,,2026-03-25T12:09:00,https://ehccareers-emory.icims.com/jobs/jobs/148884/job,,,2026-03-25T17:12:57.059990,1b92964cf2098ed5,Emory Healthcare,ehccareers-emory.icims.com,ehccareers-emory,university_hospital,icims
2205994,153340,Guest Services Associate,Clerical & Administrative,US-GA-Decatur,,,,,,2026-03-25T12:09:00,https://ehccareers-emory.icims.com/jobs/jobs/153340/job,,,2026-03-25T17:12:57.059898,17a62f16bebd2eab,Emory Healthcare,ehccareers-emory.icims.com,ehccareers-emory,university_hospital,icims
2205921,162976,LPN / Primary Care,Nursing,US-GA-Lithonia,,,,,,2026-03-25T12:06:00,https://ehccareers-emory.icims.com/jobs/jobs/162976/job,,,2026-03-25T17:12:57.056613,d2cc36b5b02289b7,Emory Healthcare,ehccareers-emory.icims.com,ehccareers-emory,university_hospital,icims
2205924,162869,RN Clinician / Ortho,Nursing,US-GA-Decatur,,,,,,2026-03-25T12:05:00,https://ehccareers-emory.icims.com/jobs/jobs/162869/job,,,2026-03-25T17:12:57.056748,b4ed8e13a52cf8b8,Emory Healthcare,ehccareers-emory.icims.com,ehccareers-emory,university_hospital,icims
2205917,163052,Emergency Medical Tech / Delta,Clinical & Nursing Support,US-GA-Atlanta,,,,,,2026-03-25T12:04:00,https://ehccareers-emory.icims.com/jobs/jobs/163052/job,,,2026-03-25T17:12:57.056414,bd24d4db80349528,Emory Healthcare,ehccareers-emory.icims.com,ehccareers-emory,university_hospital,icims
2205992,154292,Sterile Processing Tech III,Clinical & Nursing Support,US-GA-Atlanta,,,,,,2026-03-25T12:03:00,https://ehccareers-emory.icims.com/jobs/jobs/154292/job,,,2026-03-25T17:12:57.059862,435e701bfbb5a861,Emory Healthcare,ehccareers-emory.icims.com,ehccareers-emory,university_hospital,icims
2205952,161317,RN Care Coordinator / Infectious Disease,Nursing,US-GA-Atlanta,,,,,,2026-03-25T12:03:00,https://ehccareers-emory.icims.com/jobs/jobs/161317/job,,,2026-03-25T17:12:57.059025,427dc4d71af06646,Emory Healthcare,ehccareers-emory.icims.com,ehccareers-emory,university_hospital,icims
2205958,161036,Medical Assistant / Nephrology,Clinical & Nursing Support,US-GA-Atlanta,,,,,,2026-03-25T12:02:00,https://ehccareers-emory.icims.com/jobs/jobs/161036/job,,,2026-03-25T17:12:57.059185,2396ab50aa2373af,Emory Healthcare,ehccareers-emory.icims.com,ehccareers-emory,university_hospital,icims
2205925,162739,Medical Assistant / Primary Care,Clinical & Nursing Support,US-GA-Cumming,,,,,,2026-03-25T12:01:00,https://ehccareers-emory.icims.com/jobs/jobs/162739/job,,,2026-03-25T17:12:57.056896,dc59c112838bc557,Emory Healthcare,ehccareers-emory.icims.com,ehccareers-emory,university_hospital,icims
2205942,161857,LPN Patient Navigator / Transplant,Nursing,US-GA-Atlanta,,,,,,2026-03-25T12:00:00,https://ehccareers-emory.icims.com/jobs/jobs/161857/job,,,2026-03-25T17:12:57.058818,a1165624479dc6e5,Emory Healthcare,ehccareers-emory.icims.com,ehccareers-emory,university_hospital,icims
2205943,161856,LPN Patient Navigator / Transplant,Nursing,US-GA-Atlanta,,,,,,2026-03-25T11:59:00,https://ehccareers-emory.icims.com/jobs/jobs/161856/job,,,2026-03-25T17:12:57.058856,3e2239d962b672ae,Emory Healthcare,ehccareers-emory.icims.com,ehccareers-emory,university_hospital,icims
2205935,162467,Patient Transporter,Facility Support and Building Maintenance,US-GA-Atlanta,,,,,,2026-03-25T11:31:00,https://ehccareers-emory.icims.com/jobs/jobs/162467/job,,,2026-03-25T17:12:57.058235,1a96929f09ce728b,Emory Healthcare,ehccareers-emory.icims.com,ehccareers-emory,university_hospital,icims
2205956,161253,Courier PRN,Facility Support and Building Maintenance,US-GA-Atlanta,,,,,,2026-03-25T11:28:00,https://ehccareers-emory.icims.com/jobs/jobs/161253/job,,,2026-03-25T17:12:57.059147,11ac787864283fa6,Emory Healthcare,ehccareers-emory.icims.com,ehccareers-emory,university_hospital,icims
2205982,156892,Patient Care Tech,Clinical & Nursing Support,US-GA-Atlanta,,,,,,2026-03-25T11:26:00,https://ehccareers-emory.icims.com/jobs/jobs/156892/job,,,2026-03-25T17:12:57.059670,76d657b1bd397bc7,Emory Healthcare,ehccareers-emory.icims.com,ehccareers-emory,university_hospital,icims
2205918,163050,Barista - Starbucks,Food Services,US-GA-Atlanta,,,,,,2026-03-25T11:24:00,https://ehccareers-emory.icims.com/jobs/jobs/163050/job,,,2026-03-25T17:12:57.056432,ec810b43132a7a12,Emory Healthcare,ehccareers-emory.icims.com,ehccareers-emory,university_hospital,icims
2205937,162363,Recovery Room Registered Nurse,Nursing,US-GA-Johns Creek,,,,,,2026-03-25T10:33:00,https://ehccareers-emory.icims.com/jobs/jobs/162363/job,,,2026-03-25T17:12:57.058495,b65a64a320f42a09,Emory Healthcare,ehccareers-emory.icims.com,ehccareers-emory,university_hospital,icims
2205961,159955,Respiratory Care Practitioner / RCP / Internal Travel Team,Nursing,US-GA-Atlanta,,,,,,2026-03-25T10:26:00,https://ehccareers-emory.icims.com/jobs/jobs/159955/job,,,2026-03-25T17:12:57.059237,ad2b6d870fe4f506,Emory Healthcare,ehccareers-emory.icims.com,ehccareers-emory,university_hospital,icims
2205974,158142,CVOR Surgical Technologist,Clinical & Nursing Support,US-GA-Atlanta,,,,,,2026-03-25T10:15:00,https://ehccareers-emory.icims.com/jobs/jobs/158142/job,,,2026-03-25T17:12:57.059527,2515132841dc6284,Emory Healthcare,ehccareers-emory.icims.com,ehccareers-emory,university_hospital,icims
2205975,158141,CVOR Surgical Technologist,Clinical & Nursing Support,US-GA-Atlanta,,,,,,2026-03-25T10:14:00,https://ehccareers-emory.icims.com/jobs/jobs/158141/job,,,2026-03-25T17:12:57.059542,d954e09025985f6a,Emory Healthcare,ehccareers-emory.icims.com,ehccareers-emory,university_hospital,icims
2205976,158140,CVOR Surgical Technologist,Clinical & Nursing Support,US-GA-Atlanta,,,,,,2026-03-25T10:12:00,https://ehccareers-emory.icims.com/jobs/jobs/158140/job,,,2026-03-25T17:12:57.059557,a6ef680562b41adc,Emory Healthcare,ehccareers-emory.icims.com,ehccareers-emory,university_hospital,icims
2205949,161459,Social Work Care Manager / PRN,Care Management,US-GA-Atlanta,,,,,,2026-03-25T10:11:00,https://ehccareers-emory.icims.com/jobs/jobs/161459/job,,,2026-03-25T17:12:57.058976,8142f0c28b540947,Emory Healthcare,ehccareers-emory.icims.com,ehccareers-emory,university_hospital,icims
2205978,157934,CVOR Surgical Technologist,Clinical & Nursing Support,US-GA-Atlanta,,,,,,2026-03-25T10:09:00,https://ehccareers-emory.icims.com/jobs/jobs/157934/job,,,2026-03-25T17:12:57.059587,d7d6b421f51b1db0,Emory Healthcare,ehccareers-emory.icims.com,ehccareers-emory,university_hospital,icims
2205986,155953,CVOR Surgical Technologist,Clinical & Nursing Support,US-GA-Atlanta,,,,,,2026-03-25T10:08:00,https://ehccareers-emory.icims.com/jobs/jobs/155953/job,,,2026-03-25T17:12:57.059752,05ec122c2370d056,Emory Healthcare,ehccareers-emory.icims.com,ehccareers-emory,university_hospital,icims
2205957,161191,Endoscopy Technician Coordinator,Clinical & Nursing Support,US-GA-Decatur,,,,,,2026-03-25T10:04:00,https://ehccareers-emory.icims.com/jobs/jobs/161191/job,,,2026-03-25T17:12:57.059165,202b19bd89655209,Emory Healthcare,ehccareers-emory.icims.com,ehccareers-emory,university_hospital,icims
2205969,159086,Care Manager IP,Care Management,US-GA-Atlanta,,,,,,2026-03-25T10:02:00,https://ehccareers-emory.icims.com/jobs/jobs/159086/job,,,2026-03-25T17:12:57.059421,a38cf20e54e2b0ae,Emory Healthcare,ehccareers-emory.icims.com,ehccareers-emory,university_hospital,icims
2205916,163114,Same Day Surgery Registered Nurse,Nursing,US-GA-Johns Creek,,,,,,2026-03-25T10:01:00,https://ehccareers-emory.icims.com/jobs/jobs/163114/job,,,2026-03-25T17:12:57.056382,ba43d4ee87dcaee3,Emory Healthcare,ehccareers-emory.icims.com,ehccareers-emory,university_hospital,icims
2205284,163115,Same Day Surgery Registered Nurse,Nursing,US-GA-Johns Creek,,,,,,2026-03-25T09:51:00,https://ehccareers-emory.icims.com/jobs/jobs/163115/job,,,2026-03-26T08:13:29.718965,2fef503f978e3dd1,Emory Healthcare,ehccareers-emory.icims.com,ehccareers-emory,university_hospital,icims
2205954,161302,Cardiovascular Operating Room Registered Nurse,Nursing,US-GA-Atlanta,,,,,,2026-03-25T09:49:00,https://ehccareers-emory.icims.com/jobs/jobs/161302/job,,,2026-03-25T17:12:57.059077,b14ced4ad6981659,Emory Healthcare,ehccareers-emory.icims.com,ehccareers-emory,university_hospital,icims
2205953,161303,Cardiovascular Operating Room Registered Nurse,Nursing,US-GA-Atlanta,,,,,,2026-03-25T09:49:00,https://ehccareers-emory.icims.com/jobs/jobs/161303/job,,,2026-03-25T17:12:57.059046,3f1d9f3b496c0552,Emory Healthcare,ehccareers-emory.icims.com,ehccareers-emory,university_hospital,icims
2205955,161264,Corporate Advanced Practice Provider NP / PA,Advanced Practice Providers,US-GA-Smyrna,,,,,,2026-03-25T09:48:00,https://ehccareers-emory.icims.com/jobs/jobs/161264/job,,,2026-03-25T17:12:57.059094,e89b3f5e9b55e39a,Emory Healthcare,ehccareers-emory.icims.com,ehccareers-emory,university_hospital,icims
2205987,155263,Cardiovascular Operating Room Registered Nurse,Nursing,US-GA-Atlanta,,,,,,2026-03-25T09:47:00,https://ehccareers-emory.icims.com/jobs/jobs/155263/job,,,2026-03-25T17:12:57.059768,2b046c6c3435bf63,Emory Healthcare,ehccareers-emory.icims.com,ehccareers-emory,university_hospital,icims
2205959,160700,Operating Room Registered Nurse,Nursing,US-GA-Atlanta,,,,,,2026-03-25T09:44:00,https://ehccareers-emory.icims.com/jobs/jobs/160700/job,,,2026-03-25T17:12:57.059202,ca69102c185dbcda,Emory Healthcare,ehccareers-emory.icims.com,ehccareers-emory,university_hospital,icims
2205989,154468,Operating Room Registered Nurse,Nursing,US-GA-Atlanta,,,,,,2026-03-25T09:43:00,https://ehccareers-emory.icims.com/jobs/jobs/154468/job,,,2026-03-25T17:12:57.059798,e52afd1c6dafc0e1,Emory Healthcare,ehccareers-emory.icims.com,ehccareers-emory,university_hospital,icims
2205930,162563,Nursing Professional Development Practitioner,Nursing,US-GA-Atlanta,,,,,,2026-03-25T09:43:00,https://ehccareers-emory.icims.com/jobs/jobs/162563/job,,,2026-03-25T17:12:57.057115,2486828190cd0239,Emory Healthcare,ehccareers-emory.icims.com,ehccareers-emory,university_hospital,icims
2205990,154466,Operating Room Registered Nurse,Nursing,US-GA-Atlanta,,,,,,2026-03-25T09:42:00,https://ehccareers-emory.icims.com/jobs/jobs/154466/job,,,2026-03-25T17:12:57.059814,8270ed81d32e3a8e,Emory Healthcare,ehccareers-emory.icims.com,ehccareers-emory,university_hospital,icims
2205991,154464,Operating Room Registered Nurse,Nursing,US-GA-Atlanta,,,,,,2026-03-25T09:41:00,https://ehccareers-emory.icims.com/jobs/jobs/154464/job,,,2026-03-25T17:12:57.059828,00ebb6655c87f147,Emory Healthcare,ehccareers-emory.icims.com,ehccareers-emory,university_hospital,icims
2205922,162939,Occupational Therapist,Therapy,US-GA-Atlanta,,,,,,2026-03-25T09:39:00,https://ehccareers-emory.icims.com/jobs/jobs/162939/job,,,2026-03-25T17:12:57.056631,9b8865e0ad469b44,Emory Healthcare,ehccareers-emory.icims.com,ehccareers-emory,university_hospital,icims
2205933,162504,Surgical Tech Education Coordinator,Clinical & Nursing Support,US-GA-Atlanta,,,,,,2026-03-25T09:29:00,https://ehccareers-emory.icims.com/jobs/jobs/162504/job,,,2026-03-25T17:12:57.058197,f0bdf71abc159c98,Emory Healthcare,ehccareers-emory.icims.com,ehccareers-emory,university_hospital,icims
2205920,163017,CVICU Registered Nurse / RN,Nursing,US-GA-Atlanta,,,,,,2026-03-25T09:04:00,https://ehccareers-emory.icims.com/jobs/jobs/163017/job,,,2026-03-25T17:12:57.056500,2863ec4478ed505e,Emory Healthcare,ehccareers-emory.icims.com,ehccareers-emory,university_hospital,icims
2205984,156517,Radiation Oncology Registered Nurse / RN,Nursing,US-GA-Atlanta,,,,,,2026-03-25T09:03:00,https://ehccareers-emory.icims.com/jobs/jobs/156517/job,,,2026-03-25T17:12:57.059702,bf373924245e3f15,Emory Healthcare,ehccareers-emory.icims.com,ehccareers-emory,university_hospital,icims
2205928,162629,Chef,Food Services,US-GA-Atlanta,,,,,,2026-03-25T06:41:00,https://ehccareers-emory.icims.com/jobs/jobs/162629/job,,,2026-03-25T17:12:57.057068,029f66973169b5cb,Emory Healthcare,ehccareers-emory.icims.com,ehccareers-emory,university_hospital,icims
2205919,163023,OBGYN Medical Assistant / MA,Clinical & Nursing Support,US-GA-Atlanta,,,,,,2026-03-24T21:41:00,https://ehccareers-emory.icims.com/jobs/jobs/163023/job,,,2026-03-25T17:12:57.056480,7ac8badaaf85a5de,Emory Healthcare,ehccareers-emory.icims.com,ehccareers-emory,university_hospital,icims
2205988,154930,Patient Care Tech II,Clinical & Nursing Support,US-GA-Atlanta,,,,,,2026-03-24T19:14:00,https://ehccareers-emory.icims.com/jobs/jobs/154930/job,,,2026-03-25T17:12:57.059783,5c280b983c47aa6d,Emory Healthcare,ehccareers-emory.icims.com,ehccareers-emory,university_hospital,icims
2205939,162246,Supply Chain Technician,,US-GA-Atlanta,,,,,,2026-03-24T17:52:00,https://ehccareers-emory.icims.com/jobs/jobs/162246/job,,,2026-03-25T17:12:57.058651,76d64de74e628ca5,Emory Healthcare,ehccareers-emory.icims.com,ehccareers-emory,university_hospital,icims
2205968,159193,Patient Care Tech II,Clinical & Nursing Support,US-GA-Atlanta,,,,,,2026-03-24T17:51:00,https://ehccareers-emory.icims.com/jobs/jobs/159193/job,,,2026-03-25T17:12:57.059406,986de83e5cd9bff5,Emory Healthcare,ehccareers-emory.icims.com,ehccareers-emory,university_hospital,icims
2205927,162637,Clinical Transplant Coordinator Registered Nurse / RN,Nursing,US-GA-Atlanta,,,,,,2026-03-24T17:37:00,https://ehccareers-emory.icims.com/jobs/jobs/162637/job,,,2026-03-25T17:12:57.057053,0e46d332fa819444,Emory Healthcare,ehccareers-emory.icims.com,ehccareers-emory,university_hospital,icims
2205983,156801,ICU/ Facility Float/ Registered Nurse / RN,Nursing,US-GA-Atlanta,,,,,,2026-03-24T17:11:00,https://ehccareers-emory.icims.com/jobs/jobs/156801/job,,,2026-03-25T17:12:57.059686,848fe07c9dd0fe41,Emory Healthcare,ehccareers-emory.icims.com,ehccareers-emory,university_hospital,icims
2205940,162156,Pre Op Holding Area Registered Nurse,Nursing,US-GA-Atlanta,,,,,,2026-03-24T16:32:00,https://ehccareers-emory.icims.com/jobs/jobs/162156/job,,,2026-03-25T17:12:57.058693,e9371cc50e2a2e7f,Emory Healthcare,ehccareers-emory.icims.com,ehccareers-emory,university_hospital,icims
2205995,150519,Operating Room Registered Nurse,Nursing,US-GA-Atlanta,,,,,,2026-03-24T15:59:00,https://ehccareers-emory.icims.com/jobs/jobs/150519/job,,,2026-03-25T17:12:57.059928,c7e360874ae830c2,Emory Healthcare,ehccareers-emory.icims.com,ehccareers-emory,university_hospital,icims
2205950,161413,RN Pre Op Holding Area - Orthopedic and Spine/ PRN,Nursing,US-GA-Atlanta,,,,,,2026-03-24T15:53:00,https://ehccareers-emory.icims.com/jobs/jobs/161413/job,,,2026-03-25T17:12:57.058992,5e7f250546f85bc4,Emory Healthcare,ehccareers-emory.icims.com,ehccareers-emory,university_hospital,icims
2205951,161411,Registered Nurse /PACU / Orthopedics & Spine / PRN,Nursing,US-GA-Atlanta,,,,,,2026-03-24T15:52:00,https://ehccareers-emory.icims.com/jobs/jobs/161411/job,,,2026-03-25T17:12:57.059008,636e82dffa008181,Emory Healthcare,ehccareers-emory.icims.com,ehccareers-emory,university_hospital,icims
2205923,162907,Clinical Decision Unit Registered Nurse / 7am - 7:30pm / Part Time,Nursing,US-GA-Atlanta,,,,,,2026-03-24T15:11:00,https://ehccareers-emory.icims.com/jobs/jobs/162907/job,,,2026-03-25T17:12:57.056665,1eea36e98fde348c,Emory Healthcare,ehccareers-emory.icims.com,ehccareers-emory,university_hospital,icims
2205945,161610,Pre-Op Holding Area Nurse,Nursing,US-GA-Atlanta,,,,,,2026-03-24T15:07:00,https://ehccareers-emory.icims.com/jobs/jobs/161610/job,,,2026-03-25T17:12:57.058906,2f3241ee3c7fe469,Emory Healthcare,ehccareers-emory.icims.com,ehccareers-emory,university_hospital,icims
2205929,162582,Emergency Department Registered Nurse / 7pm - 7:30am,Nursing,US-GA-Atlanta,,,,,,2026-03-24T15:07:00,https://ehccareers-emory.icims.com/jobs/jobs/162582/job,,,2026-03-25T17:12:57.057100,d260dd3245761be4,Emory Healthcare,ehccareers-emory.icims.com,ehccareers-emory,university_hospital,icims
2205926,162682,Emergency Department Registered Nurse / 1pm -1am,Nursing,US-GA-Johns Creek,,,,,,2026-03-24T15:01:00,https://ehccareers-emory.icims.com/jobs/jobs/162682/job,,,2026-03-25T17:12:57.057018,21d1dae2722fa5f0,Emory Healthcare,ehccareers-emory.icims.com,ehccareers-emory,university_hospital,icims
2205996,150167,Radiologic Technologist,Imaging & Radiology,US-GA-Johns Creek,,,,,,2026-03-24T14:46:00,https://ehccareers-emory.icims.com/jobs/jobs/150167/job,,,2026-03-25T17:12:57.059945,228539b5f416012a,Emory Healthcare,ehccareers-emory.icims.com,ehccareers-emory,university_hospital,icims
2205938,162284,Registry Telemetry Registered Nurse / RN Clinician,Nursing,US-GA-Atlanta,,,,,,2026-03-24T13:43:00,https://ehccareers-emory.icims.com/jobs/jobs/162284/job,,,2026-03-25T17:12:57.058613,68e8801984611983,Emory Healthcare,ehccareers-emory.icims.com,ehccareers-emory,university_hospital,icims
2205980,157577,RN Clinician,Nursing,US-GA-Atlanta,,,,,,2026-03-24T13:33:00,https://ehccareers-emory.icims.com/jobs/jobs/157577/job,,,2026-03-25T17:12:57.059618,d8633fcc1ead22b1,Emory Healthcare,ehccareers-emory.icims.com,ehccareers-emory,university_hospital,icims
2205936,162415,Senior Lab Technical Specialist / POC,Laboratory,US-GA-Atlanta,,,,,,2026-03-24T13:28:00,https://ehccareers-emory.icims.com/jobs/jobs/162415/job,,,2026-03-25T17:12:57.058338,7d5ae911d8fc0113,Emory Healthcare,ehccareers-emory.icims.com,ehccareers-emory,university_hospital,icims
2205985,156510,"Assistant Director, Clinical Nutrition Services/Director, DI",Business Operations,US-GA-Atlanta,,,,,,2026-03-24T13:06:00,https://ehccareers-emory.icims.com/jobs/jobs/156510/job,,,2026-03-25T17:12:57.059730,d63cf6eca7ecd312,Emory Healthcare,ehccareers-emory.icims.com,ehccareers-emory,university_hospital,icims
2205971,158786,Acute Care Registered Nurse / RN,Nursing,US-GA-Decatur,,,,,,2026-03-24T12:56:00,https://ehccareers-emory.icims.com/jobs/jobs/158786/job,,,2026-03-25T17:12:57.059473,206d564b46a213dc,Emory Healthcare,ehccareers-emory.icims.com,ehccareers-emory,university_hospital,icims
2205960,160162,Claim Data Process Manager,Business Operations,US-GA-Atlanta,,,,,,2026-03-24T12:34:00,https://ehccareers-emory.icims.com/jobs/jobs/160162/job,,,2026-03-25T17:12:57.059220,da6c8ba0f14ebccf,Emory Healthcare,ehccareers-emory.icims.com,ehccareers-emory,university_hospital,icims
2205948,161524,Cardiovascular Specialist,Nursing,US-GA-Atlanta,,,,,,2026-03-24T12:13:00,https://ehccareers-emory.icims.com/jobs/jobs/161524/job,,,2026-03-25T17:12:57.058957,d2f4c73f30b36d9b,Emory Healthcare,ehccareers-emory.icims.com,ehccareers-emory,university_hospital,icims
2205993,154264,Interventional Vascular Specialist,Therapy,US-GA-Atlanta,,,,,,2026-03-24T11:58:00,https://ehccareers-emory.icims.com/jobs/jobs/154264/job,,,2026-03-25T17:12:57.059879,0a39a02d4bb617e0,Emory Healthcare,ehccareers-emory.icims.com,ehccareers-emory,university_hospital,icims
2206001,142125,Cardiovascular Specialist,Clinical & Nursing Support,US-GA-Atlanta,,,,,,2026-03-24T11:51:00,https://ehccareers-emory.icims.com/jobs/jobs/142125/job,,,2026-03-25T17:12:57.060053,cf16ec69b020aa0f,Emory Healthcare,ehccareers-emory.icims.com,ehccareers-emory,university_hospital,icims
2205966,159519,Emergency Department Registered Nurse / 7am - 7:30pm,Nursing,US-GA-Lithonia,,,,,,2026-03-24T11:42:00,https://ehccareers-emory.icims.com/jobs/jobs/159519/job,,,2026-03-25T17:12:57.059373,ebad1811fb4fe58b,Emory Healthcare,ehccareers-emory.icims.com,ehccareers-emory,university_hospital,icims
2205997,150132,Electrophysiology Registered Nurse / RN,Nursing,US-GA-Atlanta,,,,,,2026-03-24T11:31:00,https://ehccareers-emory.icims.com/jobs/jobs/150132/job,,,2026-03-25T17:12:57.059960,a27d7f3dd1f8f10d,Emory Healthcare,ehccareers-emory.icims.com,ehccareers-emory,university_hospital,icims
2205998,149028,Cardiovascular Specialist,Nursing,US-GA-Atlanta,,,,,,2026-03-24T11:28:00,https://ehccareers-emory.icims.com/jobs/jobs/149028/job,,,2026-03-25T17:12:57.059975,0380216299ccf99c,Emory Healthcare,ehccareers-emory.icims.com,ehccareers-emory,university_hospital,icims
2205981,157456,Mammography Technologist,Imaging & Radiology,US-GA-Atlanta,,,,,,2026-03-24T10:57:00,https://ehccareers-emory.icims.com/jobs/jobs/157456/job,,,2026-03-25T17:12:57.059636,f5fc67f9e764a528,Emory Healthcare,ehccareers-emory.icims.com,ehccareers-emory,university_hospital,icims
2205964,159534,Patient Care Coordinator,Clerical & Administrative,US-GA-Atlanta,,,,,,2026-03-24T10:45:00,https://ehccareers-emory.icims.com/jobs/jobs/159534/job,,,2026-03-25T17:12:57.059316,954f11c8821643c4,Emory Healthcare,ehccareers-emory.icims.com,ehccareers-emory,university_hospital,icims
2205973,158488,Emergency Department Nursing Professional Development Practitioner / RN,Nursing,US-GA-Atlanta,,,,,,2026-03-24T09:48:00,https://ehccareers-emory.icims.com/jobs/jobs/158488/job,,,2026-03-25T17:12:57.059512,2059beed6dadadf4,Emory Healthcare,ehccareers-emory.icims.com,ehccareers-emory,university_hospital,icims
2205972,158723,"PCT, OU Float, I",Clinical & Nursing Support,US-GA-Atlanta,,,,,,2026-03-24T09:19:00,https://ehccareers-emory.icims.com/jobs/jobs/158723/job,,,2026-03-25T17:12:57.059496,0de0a10d42866a71,Emory Healthcare,ehccareers-emory.icims.com,ehccareers-emory,university_hospital,icims
2205977,158135,Surgical Oncology Nurse Development Practitioner / RN,Nursing,US-GA-Atlanta,,,,,,2026-03-24T09:07:00,https://ehccareers-emory.icims.com/jobs/jobs/158135/job,,,2026-03-25T17:12:57.059572,cde216717d275256,Emory Healthcare,ehccareers-emory.icims.com,ehccareers-emory,university_hospital,icims
2205979,157885,Breast GYN and Ortho / RN,Nursing,US-GA-Atlanta,,,,,,2026-03-24T08:52:00,https://ehccareers-emory.icims.com/jobs/jobs/157885/job,,,2026-03-25T17:12:57.059602,d695fea65b6a3296,Emory Healthcare,ehccareers-emory.icims.com,ehccareers-emory,university_hospital,icims
2205967,159261,Patient Access Engagement Specialist,Clerical & Administrative,US-GA-Atlanta,,,,,,2026-03-24T07:53:00,https://ehccareers-emory.icims.com/jobs/jobs/159261/job,,,2026-03-25T17:12:57.059390,e837434eb7230b13,Emory Healthcare,ehccareers-emory.icims.com,ehccareers-emory,university_hospital,icims
2205944,161739,Social Work Inpatient Care Manager,Care Management,US-GA-Decatur,,,,,,2026-03-23T16:20:00,https://ehccareers-emory.icims.com/jobs/jobs/161739/job,,,2026-03-25T17:12:57.058874,0bd2db269ef2b219,Emory Healthcare,ehccareers-emory.icims.com,ehccareers-emory,university_hospital,icims
2205965,159528,Senior Patient Experience Business Partner,Business Operations,US-GA-Atlanta,,,,,,2026-03-23T15:32:00,https://ehccareers-emory.icims.com/jobs/jobs/159528/job,,,2026-03-25T17:12:57.059331,6b15d3025fe06cef,Emory Healthcare,ehccareers-emory.icims.com,ehccareers-emory,university_hospital,icims
2205946,161602,Emory Winship at Midtown Inpatient Oncology Registered Nurse Virtual Hiring Event,Nursing,US-GA-Atlanta,,,,,,2026-03-23T13:21:00,https://ehccareers-emory.icims.com/jobs/jobs/161602/job,,,2026-03-25T17:12:57.058923,682ca45ac387dc8d,Emory Healthcare,ehccareers-emory.icims.com,ehccareers-emory,university_hospital,icims
2205962,159836,Emory University Hospital Heart & Vascular Registered Nurse Virtual Hiring Event,Nursing,US-GA-Atlanta,,,,,,2026-03-23T13:19:00,https://ehccareers-emory.icims.com/jobs/jobs/159836/job,,,2026-03-25T17:12:57.059271,278dd9c72120c789,Emory Healthcare,ehccareers-emory.icims.com,ehccareers-emory,university_hospital,icims
2206000,145606,Physician Liaison,Clinical & Nursing Support,US-GA-Atlanta,,,,,,2026-03-23T12:06:00,https://ehccareers-emory.icims.com/jobs/jobs/145606/job,,,2026-03-25T17:12:57.060005,dd6d2fe33d0aabd4,Emory Healthcare,ehccareers-emory.icims.com,ehccareers-emory,university_hospital,icims
2205970,158924,Operating Room Surgical Tech / Orthopedics & Spine,Clinical & Nursing Support,US-GA-Atlanta,,,,,,2026-03-23T11:58:00,https://ehccareers-emory.icims.com/jobs/jobs/158924/job,,,2026-03-25T17:12:57.059437,6df9d06d80a3871a,Emory Healthcare,ehccareers-emory.icims.com,ehccareers-emory,university_hospital,icims
2205947,161551,Info Sec Healthcare Data Privacy and Audit Analyst,Information Technology,US-GA-Atlanta,,,,,,2026-03-23T11:50:00,https://ehccareers-emory.icims.com/jobs/jobs/161551/job,,,2026-03-25T17:12:57.058939,d9d59c6a254c2e11,Emory Healthcare,ehccareers-emory.icims.com,ehccareers-emory,university_hospital,icims
